name,email
Luan,luan@outlook.com.br
Gabriely,gaby@mail.com
Julia,jully@gmail.com
"Prof. Fritz Upton",werner.dooley@blanda.com
"Dorris McGlynn",szemlak@yahoo.com
"Braden Kuphal",tina.gutkowski@yahoo.com
"Dawn Carroll",vkoss@hotmail.com
"Vivien Kessler",xzavier.predovic@hotmail.com
"Rose Ratke",herman.hillard@pollich.com
"Jena Simonis",abdiel77@turcotte.org
"John Kuphal III",fisher.bret@crist.net
"Miss Brittany Hauck",trinity.bruen@runolfsson.biz
"Prof. Genevieve McClure PhD",kutch.nicola@kilback.info
"Jedediah Purdy",carrie.heidenreich@reilly.biz
"Kailey Hintz",bernhard.lafayette@hotmail.com
"Adell Keeling PhD",oconnell.laron@hotmail.com
"Sean Ratke",julio44@boyle.net
"Prof. Ernie Smith",leonardo.grady@hotmail.com
"Mr. Wilmer Schuster Sr.",zechariah.buckridge@von.com
"Cordie Ratke",mccullough.odell@kohler.org
"Miss Margarett Friesen II",celestino.wolf@larson.com
"Kiana Trantow",haskell50@osinski.com
"Alfonso Windler",armani44@yahoo.com
"Alexane Abbott",whansen@gutmann.com
"Dr. Brice Ruecker",kutch.amely@gmail.com
"Priscilla Ritchie",batz.noemy@yahoo.com
"Sierra Lemke Jr.",kutch.deondre@gmail.com
"Miss Ayla Roberts V",ybalistreri@reynolds.com
"Lucious Gleason",jhackett@ratke.info
"Elena Kub Jr.",mossie17@leffler.com
